,City,Country,City_ID,Date,Lat,Long,Cloudiness,Humidity,Max_Temp,Wind_Speed
0,Airai,TL,1651810,1584324058,-8.93,125.41,97,58,80.28,5.86
1,Kangaatsiaq,GL,3422683,1584324028,68.31,-53.46,100,92,0.99,12.53
2,Jamestown,US,5122534,1584324008,42.1,-79.24,1,39,30.99,4.7
3,Talcahuano,CL,3870282,1584324059,-36.72,-73.12,0,67,60.8,13.87
4,Slavyanka,RU,2016430,1584324059,42.86,131.38,81,41,34.86,4.7
5,Zatoka,UA,687557,1584324059,46.07,30.47,0,63,26.6,6.71
6,Portland,US,5746545,1584324050,45.52,-122.68,20,41,45.0,24.16
7,Bambanglipuro,ID,1650434,1584324059,-7.95,110.28,7,66,85.93,7.96
8,Puerto Ayora,EC,3652764,1584324060,-0.74,-90.35,40,78,80.6,6.93
9,Paamiut,GL,3421193,1584324060,61.99,-49.67,0,59,-4.2,15.32
10,Kumbo,CM,2229748,1584324060,6.2,10.67,92,22,64.02,5.46
11,Kimbe,PG,2093967,1584324060,-5.55,150.14,100,63,86.05,5.32
12,Pandan,PH,1695546,1584324060,14.05,124.17,97,79,79.43,15.75
13,Port Alfred,ZA,964432,1584323986,-33.59,26.89,100,98,62.01,10.76
14,Tonantins,BR,3661894,1584324060,-2.87,-67.8,79,93,75.15,2.68
15,New Norfolk,AU,2155415,1584323925,-42.78,147.06,20,51,69.01,3.36
16,Vagay,RU,1487860,1584324061,57.94,69.02,0,82,23.5,12.28
17,Henties Bay,NA,3356832,1584324061,-22.12,14.28,0,94,62.01,2.71
18,Clyde River,CA,5924351,1584323575,70.47,-68.59,1,67,-22.0,17.22
19,East London,ZA,1006984,1584324061,-33.02,27.91,97,71,69.26,11.86
20,Busselton,AU,2075265,1584324061,-33.65,115.33,91,43,75.0,7.52
21,Kapaa,US,5848280,1584323859,22.08,-159.32,75,74,80.6,10.29
22,Rikitea,PF,4030556,1584323627,-23.12,-134.97,3,79,79.63,12.71
23,West Bay,KY,3580477,1584323952,19.37,-81.42,20,78,78.8,11.41
24,Kapit,MY,1737185,1584324062,2.02,112.93,82,68,83.03,2.57
25,Mataura,NZ,6201424,1584324008,-46.19,168.86,97,74,54.0,11.99
26,Tuktoyaktuk,CA,6170031,1584324062,69.45,-133.04,5,76,-5.8,6.93
27,Cherskiy,RU,2126199,1584324062,68.75,161.3,94,85,8.53,6.58
28,Ushuaia,AR,3833367,1584323627,-54.8,-68.3,40,76,53.6,6.93
29,Koslan,RU,544084,1584324064,63.46,48.9,10,87,14.45,10.8
30,Mount Gambier,AU,2156643,1584323869,-37.83,140.77,0,52,66.2,8.05
31,Albany,US,5106841,1584323922,42.6,-73.97,1,50,32.0,10.29
32,Castro,BR,3466704,1584323917,-24.79,-50.01,13,86,65.79,3.42
33,Cayenne,GF,3382160,1584323905,4.93,-52.33,75,88,77.0,6.62
34,Yellowknife,CA,6185377,1584323320,62.46,-114.35,20,72,14.0,20.8
35,Barcelona,ES,3128760,1584323854,41.39,2.16,40,87,59.0,8.05
36,Hobart,AU,2163355,1584324041,-42.88,147.33,20,51,69.01,3.36
37,Okhotsk,RU,2122605,1584324000,59.38,143.3,21,78,10.83,13.06
38,Puerto Colombia,CO,3671497,1584324010,10.99,-74.95,20,78,78.8,14.99
39,Hermanus,ZA,3366880,1584323920,-34.42,19.23,50,77,64.63,32.01
40,Villa Bruzual,VE,3625346,1584323817,9.33,-69.12,73,54,77.2,14.74
41,Kavieng,PG,2094342,1584323935,-2.57,150.8,100,72,83.88,9.55
42,Amapá,BR,3407762,1584324066,1.0,-52.0,100,99,69.66,1.57
43,Bluff,NZ,2206939,1584323971,-46.6,168.33,67,75,54.0,15.01
44,Carnarvon,AU,2074865,1584323940,-24.87,113.63,40,69,80.6,12.75
45,Ugoofaaru,MV,1337619,1584324066,5.67,73.0,37,74,83.39,8.75
46,Barrow,US,5880054,1584324066,71.29,-156.79,90,85,10.4,18.34
47,Saint-Philippe,RE,935215,1584324066,-21.36,55.77,93,78,78.8,14.99
48,Neuquén,AR,3843123,1584324067,-38.95,-68.06,0,30,71.6,4.7
49,Sept-Îles,CA,6144312,1584324067,50.2,-66.38,90,47,15.8,13.87
50,Vaini,TO,4032243,1584324050,-21.2,-175.2,90,83,84.2,13.87
51,Torri di Quartesolo,IT,3165394,1584324067,45.52,11.61,0,56,45.0,5.82
52,George Town,MY,1735106,1584323874,5.41,100.34,20,70,86.0,4.7
53,Iwanai,JP,2129868,1584324067,42.97,140.51,70,68,30.22,8.32
54,Lamu,KE,189741,1584324067,-2.27,40.9,69,79,83.32,11.12
55,Perelyub,RU,511416,1584324067,51.87,50.37,100,71,26.76,16.33
56,Christchurch,NZ,2192362,1584323985,-43.53,172.63,100,52,68.0,17.22
57,Ukiah,US,5404476,1584324068,39.15,-123.21,1,65,48.99,3.36
58,Hithadhoo,MV,1282256,1584324008,-0.6,73.08,100,62,83.16,5.84
59,Imbituba,BR,3461370,1584323792,-28.24,-48.67,0,64,75.2,6.93
60,Shashi,CN,1795816,1584324068,30.31,112.24,100,64,61.0,4.54
61,Ust-Kuyga,RU,2013921,1584324068,70.02,135.6,87,80,-7.04,13.53
62,Banda Aceh,ID,1215502,1584324068,5.56,95.32,59,64,85.28,6.04
63,Río Gallegos,AR,3838859,1584324068,-51.62,-69.22,100,58,62.96,16.04
64,Fortuna,US,5563839,1584323916,40.6,-124.16,1,65,48.2,12.75
65,Severo-Kuril'sk,RU,2121385,1584323983,50.68,156.12,97,95,24.84,46.73
66,Ribeira Grande,PT,3372707,1584323985,38.52,-28.7,4,79,56.34,9.33
67,Longyearbyen,SJ,2729907,1584324069,78.22,15.64,90,84,1.4,11.41
68,Lorengau,PG,2092164,1584324069,-2.02,147.27,100,72,84.16,6.6
69,Richards Bay,ZA,962367,1584324069,-28.78,32.04,53,79,77.61,26.69
70,Nouakchott,MR,2377450,1584324069,18.09,-15.98,0,52,69.8,17.22
71,São Filipe,CV,3374210,1584324069,14.9,-24.5,14,72,70.61,20.02
72,Vondrozo,MG,1053507,1584324070,-22.82,47.28,0,97,69.08,2.59
73,Laguna,US,5364271,1584324070,38.42,-121.42,90,71,53.6,8.05
74,Hamilton,US,4513583,1584323973,39.18,-84.53,90,70,43.0,4.7
75,Pouébo,NC,2138607,1584324070,-20.4,164.57,79,73,81.39,6.64
76,Xining,CN,1788852,1584324016,36.62,101.77,100,66,30.36,1.68
77,Hong Kong,HK,1819729,1584323960,22.29,114.16,20,64,73.99,19.46
78,Husavik,IS,2629833,1584323929,66.04,-17.34,90,86,30.2,19.46
79,Qaanaaq,GL,3831208,1584324009,77.48,-69.36,100,51,-2.33,6.87
80,Hofn,IS,2630299,1584323805,64.25,-15.21,100,67,41.2,34.27
81,Conde,BR,3385077,1584324071,-7.26,-34.91,100,94,77.0,3.29
82,Gornyy,RU,1506254,1584324065,55.12,83.91,100,92,35.15,26.04
83,Lavrentiya,RU,4031637,1584324037,65.58,-171.0,0,83,25.83,7.25
84,Khatanga,RU,2022572,1584324071,71.97,102.5,19,93,-25.28,11.5
85,Porto-Novo,BJ,2392087,1584324072,6.5,2.6,40,88,82.4,12.75
86,Jieshi,CN,1805857,1584324072,22.81,115.83,15,57,66.99,13.22
87,Cape Town,ZA,3369157,1584323982,-33.93,18.42,20,68,64.99,16.11
88,Punta Arenas,CL,3874787,1584323845,-53.15,-70.92,75,76,57.2,18.34
89,Hokitika,NZ,2206894,1584324072,-42.72,170.97,0,74,61.57,14.85
90,Dąbrowa Górnicza,PL,3100796,1584324073,50.32,19.24,12,54,32.0,6.93
91,Hervey Bay,AU,2146219,1584324073,-25.3,152.85,75,50,78.8,17.22
92,Khovd,MN,1516048,1584324073,48.01,91.64,3,20,35.8,3.71
93,Cururupu,BR,3401148,1584323960,-1.83,-44.87,100,99,73.63,3.15
94,Comodoro Rivadavia,AR,3860443,1584324001,-45.87,-67.5,81,63,62.6,3.36
95,Dikson,RU,1507390,1584324073,73.51,80.55,100,100,-14.04,8.28
96,Kyzyl-Suu,KG,1527497,1584324073,42.34,78.0,0,49,35.71,3.91
97,Rocha,UY,3440777,1584324008,-34.48,-54.33,26,91,53.87,2.37
98,Cabo San Lucas,MX,3985710,1584324013,22.89,-109.91,75,68,71.01,8.25
99,Provideniya,RU,4031574,1584324074,64.38,-173.3,90,92,24.8,8.95
100,Chokurdakh,RU,2126123,1584324012,70.63,147.92,0,87,-9.85,5.7
101,San Antonio,US,4726206,1584323936,29.42,-98.49,90,72,71.01,6.93
102,Pevek,RU,2122090,1584323982,69.7,170.31,0,82,7.54,12.26
103,Bengkulu,ID,1649150,1584323980,-3.8,102.27,74,58,88.81,1.43
104,Petropavlovsk-Kamchatskiy,RU,2122104,1584324074,53.05,158.65,90,100,33.8,20.13
105,Esperance,AU,2071860,1584324075,-33.87,121.9,40,73,73.4,6.93
106,Chokwé,MZ,1048364,1584324075,-24.53,32.98,19,92,73.53,7.02
107,Kunshan,CN,1785623,1584324075,31.38,120.95,0,35,57.2,8.95
108,Ponta do Sol,PT,2264557,1584323917,32.67,-17.1,40,67,62.6,8.05
109,Olupona,NG,2326302,1584324075,7.6,4.18,0,89,76.78,3.2
110,Vredendal,ZA,3359736,1584324075,-31.67,18.5,0,62,64.02,12.44
111,Saint Paul Harbor,US,5866583,1584323993,57.79,-152.41,40,64,39.2,5.82
112,Kulhudhuffushi,MV,1337613,1584324076,6.62,73.07,79,74,82.99,5.57
113,San Cristobal,VE,3628473,1584324076,7.77,-72.22,20,65,78.8,4.7
114,Kirovsk,UA,705809,1584324076,48.64,38.64,0,62,27.3,9.01
115,Vicuña,CL,3868308,1584324076,-30.03,-70.71,90,87,60.8,3.36
116,Butaritari,KI,2110227,1584324010,3.07,172.79,88,78,84.04,13.04
117,Atuona,PF,4020109,1584323925,-9.8,-139.03,0,65,82.2,8.75
118,Rincon,US,4218882,1584323898,32.3,-81.24,20,88,69.8,18.34
119,Egvekinot,RU,4031742,1584324077,66.32,-179.17,99,96,11.19,3.47
120,Kahului,US,5847411,1584323937,20.89,-156.47,40,61,82.4,12.75
121,Solnechnyy,RU,2016307,1584324077,50.72,136.63,65,88,16.5,5.48
122,Avarua,CK,4035715,1584323575,-21.21,-159.78,100,79,84.2,6.93
123,Yamada,JP,2110560,1584324077,39.47,141.95,62,69,43.77,8.01
124,Mahébourg,MU,934322,1584324038,-20.41,57.7,40,94,73.99,3.36
125,Duluth,US,5024719,1584324077,46.78,-92.11,75,80,32.0,17.22
126,Constitución,CL,3893726,1584324012,-35.33,-72.42,0,80,53.01,5.91
127,Caxito,AO,2242001,1584324078,-8.58,13.66,75,83,80.6,3.36
128,Canchungo,GW,2373951,1584324078,12.07,-16.03,51,78,75.2,4.7
129,Mar del Plata,AR,3430863,1584324033,-38.0,-57.56,75,87,60.01,3.36
130,Laas,IT,3175096,1584324027,46.62,10.7,5,85,32.0,1.12
131,Auki,SB,2109701,1584323987,-8.77,160.7,100,74,84.18,13.15
132,Prince Rupert,CA,6113406,1584324078,54.32,-130.32,1,48,44.6,3.36
133,Abu Samrah,SY,172515,1584324078,35.3,37.18,2,86,51.85,4.85
134,Pisco,PE,3932145,1584324079,-13.7,-76.22,20,83,73.4,12.75
135,Upernavik,GL,3418910,1584323927,72.79,-56.15,0,78,-22.16,6.15
136,Iqaluit,CA,5983720,1584324079,63.75,-68.51,90,77,-2.0,4.7
137,Te Anau,NZ,2181625,1584324079,-45.42,167.72,98,72,49.69,9.01
138,Saldanha,ZA,3361934,1584324050,-33.01,17.94,99,63,62.6,9.17
139,Kampong Chhnang,KH,1831166,1584324079,12.17,104.55,0,48,88.47,6.42
140,Rawson,AR,3839307,1584323944,-43.3,-65.1,79,66,64.27,20.18
141,Kushima,JP,1895695,1584324080,31.46,131.23,20,39,51.8,11.41
142,Nikolskoye,RU,546105,1584323932,59.7,30.79,40,59,33.8,8.95
143,Panacan,PH,1695751,1584324080,9.25,118.41,20,62,86.0,11.41
144,Gundorovskiy,RU,557984,1584324080,46.78,41.9,44,48,27.82,5.48
145,Saint Anthony,US,5044290,1584324080,45.02,-93.22,75,59,37.0,5.82
146,Boca do Acre,BR,3664956,1584324080,-8.75,-67.4,100,93,76.5,1.77
147,Yangi Marg`ilon,UZ,1513491,1584324080,40.43,71.72,100,31,50.0,9.17
148,Båtsfjord,NO,780717,1584324035,70.63,29.72,100,69,12.94,1.79
149,Oddur,SO,49747,1584324081,4.12,43.89,13,95,70.2,11.88
150,Zhiletovo,RU,463053,1584324081,54.69,36.02,0,79,21.2,8.95
151,Batemans Bay,AU,2176639,1584324081,-35.72,150.18,57,66,69.01,1.99
152,Danville,US,4755280,1584323932,36.59,-79.39,90,70,48.0,4.7
153,Sendai,JP,2111149,1584324081,38.27,140.87,75,58,46.99,9.17
154,Tuatapere,NZ,2180815,1584323949,-46.13,167.68,78,75,54.0,15.01
155,Remanso,BR,3408064,1584324082,-9.62,-42.08,100,75,76.35,3.74
156,Dunda,TZ,160141,1584324082,-8.12,34.25,100,96,64.4,2.77
157,Bethel,US,5282297,1584323993,41.37,-73.41,1,28,45.0,6.93
158,Benalla,AU,2176225,1584324082,-36.55,145.98,0,40,77.0,4.7
159,Varginha,BR,3445487,1584324051,-21.55,-45.43,91,94,65.55,3.69
160,Kathmandu,NP,1283240,1584324082,27.72,85.32,20,81,48.2,3.36
161,Jojoima,SL,2408399,1584324082,7.88,-10.79,86,92,74.95,0.92
162,Katsuura,JP,2112309,1584324023,35.13,140.3,75,57,55.99,10.29
163,Hilo,US,5855927,1584323922,19.73,-155.09,75,65,80.6,13.87
164,Tasiilaq,GL,3424607,1584324083,65.61,-37.64,100,50,8.6,19.46
165,Mateare,NI,3617697,1584324083,12.24,-86.43,20,58,82.4,6.93
166,Ilulissat,GL,3423146,1584324083,69.22,-51.1,93,47,-9.4,10.29
167,Sinnamary,GF,3380290,1584324083,5.38,-52.95,75,77,79.59,16.22
168,Vestmannaeyjar,IS,3412093,1584324083,63.44,-20.27,100,93,38.98,53.06
169,Waddān,LY,2209055,1584324084,29.16,16.14,0,64,57.74,6.51
170,Vega de Alatorre,MX,3514843,1584324084,20.03,-96.63,3,90,75.16,0.92
171,Barabai,ID,1650064,1584323831,-2.58,115.38,32,64,86.88,4.9
172,Thompson,CA,6165406,1584323850,55.74,-97.86,90,78,15.8,10.29
173,Narsaq,GL,3421719,1584323897,60.92,-46.05,100,53,21.2,3.36
174,Ingham,US,4997130,1584324037,42.6,-84.38,1,74,36.0,6.93
175,Caravelas,BR,3466980,1584324072,-17.71,-39.25,100,80,80.2,7.7
176,Pangnirtung,CA,6096551,1584324035,66.15,-65.71,100,91,-19.59,7.7
177,Geraldton,AU,2070998,1584323933,-28.77,114.6,75,69,75.2,6.93
178,Talnakh,RU,1490256,1584324018,69.49,88.4,75,83,-13.0,11.18
179,Mgachi,RU,2123292,1584324085,51.05,142.27,91,77,13.62,8.52
180,Vardø,NO,777019,1584324085,70.37,31.11,100,57,26.46,5.1
181,Rizhao,CN,1797132,1584324004,35.43,119.46,100,54,47.57,12.93
182,Tocopilla,CL,3869716,1584324054,-22.09,-70.2,0,53,58.78,2.62
183,Faya,SA,110690,1584324085,18.39,42.45,16,87,57.2,6.93
184,Antibes,FR,3037456,1584324003,43.56,7.13,0,66,55.0,9.17
185,Bredasdorp,ZA,1015776,1584323976,-34.53,20.04,76,68,66.2,13.87
186,Beloha,MG,1067565,1584323932,-25.17,45.05,51,97,70.34,8.3
187,Sovetskiy,RU,1491230,1584324086,61.36,63.58,10,76,9.09,5.73
188,Aklavik,CA,5882953,1584323845,68.22,-135.01,20,65,5.0,9.42
189,Fare,PF,4034496,1584324037,-16.7,-151.02,0,68,83.52,8.88
190,Taywarah,AF,1122464,1584324086,33.35,64.42,100,75,34.29,7.2
191,Kaitangata,NZ,2208248,1584324087,-46.28,169.85,100,72,55.99,3.0
192,Salalah,OM,286621,1584324087,17.02,54.09,20,69,75.2,4.7
193,Dukat,RU,2125906,1584324087,62.55,155.55,100,90,3.76,5.61
194,Amga,RU,2027786,1584324087,60.9,131.96,97,88,9.39,4.16
195,Tambovka,RU,2015608,1584324087,50.1,128.05,0,29,24.8,4.47
196,Acaraú,BR,3408368,1584324087,-2.89,-40.12,100,97,75.02,4.07
197,Morón,AR,3430545,1584324087,-34.65,-58.62,0,77,69.01,6.93
198,San Quintín,MX,3984997,1584324003,30.48,-115.95,0,77,59.22,12.15
199,San Patricio,MX,3985168,1584324088,19.22,-104.7,75,74,82.4,9.17
200,Banjarmasin,ID,1650213,1584324088,-3.32,114.59,27,58,88.47,1.81
201,Alofi,NU,4036284,1584324015,-19.06,-169.92,100,79,86.0,8.05
202,Skegness,GB,2637762,1584324088,53.14,0.34,0,93,43.0,8.05
203,Dingle,PH,1714733,1584324088,11.0,122.67,0,56,84.79,11.03
204,Half Moon Bay,US,5354943,1584324038,37.46,-122.43,75,61,52.0,5.82
205,Mazamari,PE,3935102,1584324089,-11.33,-74.53,70,86,62.87,4.14
206,Standish,US,5011020,1584324089,43.98,-83.96,1,58,28.99,10.29
207,Along,IN,1278969,1584323869,28.17,94.77,100,78,65.64,2.01
208,Hasaki,JP,2112802,1584324012,35.73,140.83,40,57,55.0,6.93
209,Presidencia Roque Sáenz Peña,AR,3840300,1584324089,-26.79,-60.44,64,95,71.33,4.83
210,Souillac,MU,933995,1584323949,-20.52,57.52,40,94,73.99,3.36
211,Bathsheba,BB,3374083,1584324089,13.22,-59.52,40,74,78.8,9.17
212,Isangel,VU,2136825,1584323919,-19.55,169.27,90,84,86.0,23.04
213,Yatou,CN,1786855,1584324090,37.15,122.38,17,46,38.68,11.05
214,Leningradskiy,RU,2123814,1584324090,69.38,178.42,0,73,13.6,4.23
215,Yulara,AU,6355222,1584324013,-25.24,130.99,0,9,84.2,8.05
216,Pringsewu,ID,1630639,1584324090,-5.36,104.97,17,69,84.25,4.92
217,Ulaangom,MN,1515029,1584323949,49.98,92.07,100,86,11.19,3.09
218,Quatre Cocos,MU,1106643,1584324090,-20.21,57.76,40,94,73.99,3.36
219,Bilibino,RU,2126682,1584324016,68.05,166.44,66,82,4.89,3.49
220,Santiago de Cali,CO,3687925,1584323934,3.44,-76.52,40,69,77.0,11.41
221,Sompeta,IN,1255816,1584324091,18.93,84.6,0,55,81.81,3.13
222,Omboué,GA,2396853,1584324091,-1.57,9.26,92,95,74.73,2.01
223,Mokhsogollokh,RU,2019867,1584324091,61.47,128.92,94,95,8.74,5.37
224,Megion,RU,1499053,1584324091,61.03,76.11,90,100,28.4,15.66
225,Mount Isa,AU,2065594,1584324091,-20.73,139.5,39,25,89.6,6.93
226,Honghu,CN,1789137,1584324092,29.82,113.46,92,56,62.56,4.7
227,Taltal,CL,3870243,1584324033,-25.4,-70.48,0,89,57.81,3.4
228,Al Bardīyah,LY,80509,1584324092,31.76,25.09,0,76,60.98,1.23
229,Saint George,US,5546220,1584323950,37.1,-113.58,1,51,62.6,11.41
230,Vanimo,PG,2084442,1584324092,-2.67,141.3,100,89,76.68,6.42
231,Arraial do Cabo,BR,3471451,1584324032,-22.97,-42.03,0,83,77.9,26.57
232,Yaviza,PA,3699980,1584324092,8.15,-77.69,24,91,70.25,2.89
233,Port-Gentil,GA,2396518,1584324038,-0.72,8.78,100,79,82.35,7.99
234,Umba,RU,479071,1584324093,66.69,34.34,100,97,31.93,19.33
235,Margate,GB,2643044,1584323917,51.38,1.39,18,93,46.99,5.82
236,Klyuchi,RU,1503153,1584324093,52.27,79.17,100,95,34.83,12.12
237,Emerald,AU,2167426,1584324006,-23.53,148.17,0,47,82.0,12.75
238,Honolulu,US,5856195,1584324074,21.31,-157.86,90,83,80.6,6.93
239,Ha Giang,VN,1581349,1584324093,22.83,104.98,100,88,64.29,4.07
240,Ţaga,RO,665628,1584324094,46.95,24.05,0,79,24.8,3.36
241,Berlevåg,NO,780687,1584324025,70.86,29.09,100,64,29.03,11.18
242,Bose,IT,6457397,1584324094,45.46,8.01,75,75,48.99,2.24
243,Vao,NC,2137773,1584324094,-22.67,167.48,10,72,81.21,28.14
244,Grand Gaube,MU,934479,1584323972,-20.01,57.66,40,94,73.99,3.36
245,Kandrian,PG,2094746,1584324094,-6.22,149.55,100,55,88.59,8.25
246,Alyangula,AU,2079582,1584324094,-13.85,136.42,5,43,91.4,6.93
247,Saint-Pierre,RE,935214,1584324019,-21.34,55.48,13,78,78.8,14.99
248,Kruisfontein,ZA,986717,1584324012,-34.0,24.73,100,88,60.33,10.02
249,Sarkand,KZ,1519691,1584324095,45.41,79.92,99,41,44.87,5.28
250,Cullinan,ZA,1012413,1584324095,-25.67,28.52,0,88,66.99,6.93
251,Chui,UY,3443061,1584323575,-33.7,-53.46,99,74,61.84,4.61
252,Saskylakh,RU,2017155,1584324095,71.92,114.08,100,95,-12.32,20.71
253,Port-Cartier,CA,6111696,1584324095,50.03,-66.87,90,47,15.8,13.87
254,Makakilo City,US,5850554,1584323989,21.35,-158.09,90,83,80.6,6.93
255,Rāyadrug,IN,1258290,1584324096,14.7,76.87,29,53,79.36,8.1
256,Roebourne,AU,2062276,1584324096,-20.78,117.13,0,28,97.88,3.91
257,Kharp,RU,1503726,1584324096,66.8,65.81,100,86,-5.98,3.15
258,Kavaratti,IN,1267390,1584324042,10.57,72.64,0,68,82.6,5.5
259,Ihosy,MG,1064275,1584324096,-22.4,46.12,47,97,61.68,6.69
260,Ambilobe,MG,1082243,1584324096,-13.2,49.05,100,90,77.67,3.62
261,Sungai Penuh,ID,1625929,1584324096,-2.08,101.38,62,68,75.18,3.15
262,Kiryat Gat,IL,293842,1584324097,31.61,34.76,37,93,57.99,3.36
263,Padang,ID,1633419,1584324097,-0.95,100.35,25,56,84.29,1.95
264,Asău,RO,686090,1584323978,46.43,26.4,0,73,23.0,2.17
265,Muslyumovo,RU,524183,1584324097,55.3,53.19,100,98,31.78,13.69
266,Yinchuan,CN,1786657,1584324097,38.47,106.27,100,13,51.3,3.87
267,Ustka,PL,3082756,1584324097,54.58,16.86,100,57,38.08,16.11
268,Bom Jesus,BR,3405304,1584324046,-9.07,-44.36,100,91,73.2,2.37
269,Kudahuvadhoo,MV,1337607,1584324097,2.67,72.89,0,65,83.77,6.26
270,Aykhal,RU,2027296,1584323941,66.0,111.5,90,92,23.0,8.95
271,Sémbé,CG,2255304,1584324098,1.65,14.58,57,80,72.52,3.98
272,Kirakira,SB,2178753,1584324098,-10.45,161.92,100,75,82.31,6.67
273,Nizwá,OM,286987,1584324007,22.93,57.53,0,53,59.68,1.77
274,Philadelphia,US,4560349,1584323934,39.95,-75.16,1,30,46.4,4.7
275,Kollam,IN,1259091,1584324099,8.88,76.6,20,88,78.8,3.36
276,Chapais,CA,5919850,1584324021,49.78,-74.85,1,76,-7.6,0.89
277,Samarai,PG,2132606,1584324099,-10.62,150.67,2,51,90.34,3.89
278,Kumul,CN,1529484,1584324037,42.8,93.45,0,18,47.59,3.09
279,Muscatine,US,4868410,1584324099,41.47,-91.13,90,69,36.0,9.17
280,Atasū,KZ,1526041,1584324099,48.68,71.64,100,76,36.52,3.06
281,Zhigansk,RU,2012530,1584323981,66.77,123.37,100,93,4.03,25.43
282,Sibolga,ID,1213855,1584324100,1.74,98.78,31,58,86.31,2.68
283,Sfântu Gheorghe,RO,667303,1584324100,45.87,25.78,0,61,25.0,1.99
284,Wanning,CN,1791779,1584324100,18.8,110.4,100,83,74.95,9.98
285,Urucará,BR,3385670,1584324100,-2.54,-57.76,77,95,72.68,3.11
286,Anloga,GH,2304548,1584324101,5.79,0.9,42,83,82.15,11.59
287,Bandar,ID,1215498,1584324101,2.05,99.75,2,85,82.17,2.66
288,Naze,JP,1855540,1584323997,28.37,129.48,40,48,62.6,20.8
289,Umm Kaddadah,SD,364933,1584324102,13.6,26.69,18,20,65.89,10.51
290,Guerrero Negro,MX,4021858,1584323963,27.98,-114.06,0,72,60.51,15.5
291,Deputatsky,RU,2028164,1584324102,69.3,139.9,0,81,-16.01,3.56
292,Lebyazh'ye,RU,1500764,1584324102,55.27,66.49,0,93,27.1,6.06
293,Mahon,ES,2514301,1584324102,39.89,4.27,99,87,55.4,12.75
294,Los Llanos de Aridane,ES,2514651,1584324027,28.66,-17.92,40,68,64.4,16.11
295,Sitka,US,5557293,1584323924,57.05,-135.33,1,65,44.6,8.23
296,Hammerfest,NO,779683,1584324103,70.66,23.68,100,73,21.2,14.99
297,Nikol'sk,RU,521776,1584324103,53.72,46.07,100,95,30.09,11.48
298,Fort Saint James,CA,5881688,1584324103,54.43,-124.25,0,86,15.19,2.89
299,Gambēla,ET,337405,1584324103,8.25,34.58,99,51,80.6,2.19
300,Luganville,VU,2136150,1584324103,-15.53,167.17,90,53,95.0,4.7
301,Iki-Burul,RU,557413,1584324103,45.82,44.65,100,54,30.2,6.71
302,Florence,IT,3176959,1584324104,43.77,11.25,0,64,46.99,1.12
303,Kargasok,RU,1504382,1584324104,59.06,80.86,100,97,32.72,19.46
304,Iberia,US,4328254,1584324104,29.95,-91.75,20,94,73.99,11.41
305,Lompoc,US,5367788,1584324001,34.64,-120.46,90,87,55.4,5.82
306,Lata,PT,2738381,1584324104,40.16,-8.33,40,75,46.99,1.12
307,Necochea,AR,3430443,1584323906,-38.55,-58.74,0,86,51.01,4.32
308,Nanchang,CN,1800163,1584324105,28.68,115.88,79,57,63.93,9.6
309,Pingliang,CN,1798760,1584324105,35.54,106.69,100,24,42.4,8.21
310,Sisimiut,GL,3419842,1584324105,66.94,-53.67,94,95,-11.81,6.73
311,Bella Union,UY,3443631,1584324105,-30.28,-57.6,91,80,67.41,6.69
312,Virginia Beach,US,4791259,1584323873,36.85,-75.98,90,70,48.2,10.29
313,Bubaque,GW,2374583,1584324105,11.28,-15.83,32,55,81.64,19.04
314,Chengde,CN,2038087,1584324105,40.97,117.94,0,41,39.83,9.89
315,Barabinsk,RU,1510916,1584324105,55.36,78.36,98,83,33.19,25.64
316,Tiksi,RU,2015306,1584324016,71.69,128.87,100,81,9.09,20.58
317,Whitehorse,CA,6180550,1584324007,60.72,-135.05,40,31,35.6,1.01
318,Shitanjing,CN,1794971,1584324106,39.23,106.34,100,12,51.51,4.12
319,Naryan-Mar,RU,523392,1584324106,67.67,53.09,100,93,19.98,19.93
320,Babushkin,RU,2027276,1584324106,51.71,105.86,95,83,28.81,10.07
321,Buenaventura,CO,3688451,1584324106,3.88,-77.03,57,96,73.9,2.08
322,Zhuhai,CN,1790437,1584324106,22.28,113.57,89,82,73.0,16.11
323,Bonavista,CA,5905393,1584324107,48.65,-53.11,0,79,24.01,4.0
324,Merauke,ID,2082539,1584324107,-8.47,140.33,75,59,88.34,7.52
325,Polovinnoye,RU,1494523,1584324107,54.79,65.99,66,92,26.92,5.3
326,Hundorp,NO,3151452,1584324107,61.56,9.94,80,90,25.0,3.76
327,Beringovskiy,RU,2126710,1584324107,63.05,179.32,77,85,29.1,6.78
328,Korem,ET,332746,1584324107,12.51,39.52,41,96,56.61,2.28
329,Cidreira,BR,3466165,1584323986,-30.18,-50.21,100,91,74.34,14.25
330,Dongying,CN,1812101,1584324108,37.46,118.49,91,34,53.13,10.51
331,Lázaro Cárdenas,MX,4026082,1584324108,17.96,-102.2,25,88,75.83,3.65
332,Isabela,PH,1710519,1584324108,6.71,121.97,75,74,84.2,3.36
333,Jalu,LY,86049,1584324108,29.03,21.55,0,26,64.78,6.44
334,Vila,PT,7117100,1584324108,42.03,-8.16,40,93,45.0,2.24
335,Savinka,RU,498295,1584324109,50.08,47.1,7,58,28.17,14.07
336,Taber,CA,6160919,1584324109,49.82,-112.15,20,71,6.01,5.82
337,Mukhen,RU,2019718,1584324109,48.1,136.1,38,74,22.05,10.0
338,Dongsheng,CN,1812256,1584324025,39.82,109.98,90,23,45.59,13.78
339,Kabanjahe,ID,1214965,1584324109,3.1,98.49,40,83,84.99,4.7
340,Birjand,IR,140463,1584324109,32.87,59.22,75,66,51.8,18.34
341,Pindwāra,IN,1259638,1584324109,24.8,73.07,99,29,67.12,4.32
342,Kāmyārān,IR,128905,1584324110,34.8,46.94,75,81,44.6,9.17
343,Waipawa,NZ,2206874,1584324110,-41.41,175.52,100,46,73.4,11.41
344,Torbay,CA,6167817,1584323961,47.67,-52.73,20,73,27.0,11.41
345,Salina Cruz,MX,3520064,1584324110,16.17,-95.2,0,64,84.11,30.85
346,Nantucket,US,4944903,1584323964,41.28,-70.1,1,68,32.0,3.36
347,Ishigaki,JP,1861416,1584324035,24.34,124.16,20,45,68.0,17.22
348,Palmer,US,4946620,1584324038,42.16,-72.33,1,34,39.0,9.17
349,Masterton,NZ,2206890,1584324072,-40.96,175.66,77,65,69.01,17.0
350,Manta,EC,3654410,1584324111,-0.95,-80.73,40,88,78.8,5.82
351,Grootfontein,NA,3357114,1584324111,-19.57,18.12,100,74,69.89,1.61
352,Ucluelet,CA,6171633,1584323868,48.93,-125.55,5,52,45.0,10.29
353,Nome,US,5870133,1584324111,64.5,-165.41,100,98,30.61,7.76
354,Lebu,CL,3883457,1584323933,-37.62,-73.65,0,76,56.28,8.46
355,Warri,NG,2319133,1584324008,5.52,5.75,92,92,79.09,1.99
356,Muros,ES,3115824,1584324072,42.78,-9.06,75,100,50.0,2.24
357,Almaznyy,RU,582447,1584324112,48.04,40.05,0,67,19.4,6.71
358,Charters Towers,AU,2171722,1584324112,-20.1,146.27,100,36,85.24,10.07
359,Priargunsk,RU,2017646,1584324112,50.37,119.1,100,87,13.75,3.62
360,Pontianak,ID,1630789,1584324021,-0.03,109.33,12,78,85.86,1.43
361,Vestmanna,FO,2610343,1584324112,62.16,-7.17,100,74,32.0,14.99
362,Codrington,AU,2171099,1584324016,-38.27,141.97,0,76,60.51,13.85
363,Venado Tuerto,AR,3833062,1584324003,-33.75,-61.97,64,82,61.0,0.83
364,St. George's,GD,3579925,1584324024,12.06,-61.75,40,88,75.2,3.36
365,Port Elizabeth,ZA,964420,1584323932,-33.92,25.57,90,93,62.6,8.05
366,Bitkine,TD,2435124,1584324113,11.98,18.21,1,14,69.66,7.76
367,Fukuechō,JP,1863997,1584324113,32.69,128.84,40,49,48.2,14.99
368,Kabalo,CD,215668,1584324113,-6.05,26.92,99,97,69.73,1.19
369,Saint-Augustin,CA,6137462,1584324035,51.23,-58.65,99,78,8.87,13.15
370,Roald,NO,3141667,1584324114,62.58,6.13,90,74,35.01,11.41
371,Presidente Epitácio,BR,3452331,1584324114,-21.76,-52.12,0,87,73.71,2.91
372,Bahir Dar,ET,342884,1584324006,11.59,37.39,41,39,60.51,1.21
373,Sri Aman,MY,1735799,1584324114,1.24,111.46,75,88,80.6,2.24
374,Ahipara,NZ,2194098,1584324114,-35.17,173.17,100,74,66.85,12.26
375,Verāval,IN,1253237,1584324114,20.9,70.37,100,16,78.73,18.72
376,Marabu,MY,1738050,1584324114,4.41,114.01,40,83,84.2,8.05
377,Khandyga,RU,2022773,1584323985,62.67,135.6,0,81,1.94,3.0
378,São João da Barra,BR,3448903,1584324025,-21.64,-41.05,0,87,77.74,12.17
379,Touros,BR,3386213,1584324115,-5.2,-35.46,75,100,75.2,3.36
380,Tiznit Province,MA,2527087,1584324028,29.58,-9.5,98,84,50.67,2.68
381,Adria,IT,3183466,1584324115,45.06,12.06,0,56,43.0,8.05
382,Nachingwea,TZ,877702,1584324115,-10.38,38.77,100,96,71.53,0.98
383,Poum,NC,2138555,1584323947,-20.23,164.02,0,79,81.91,11.81
384,Alvarães,BR,3665380,1584324115,-3.22,-64.8,99,97,75.67,2.71
385,Oistins,BB,3373652,1584324010,13.07,-59.53,40,74,78.8,9.17
386,Kuril'sk,RU,2123979,1584324116,45.23,147.88,50,60,25.99,9.33
387,Zhezkazgan,KZ,1516589,1584324116,47.8,67.71,90,80,35.6,6.71
388,Moree,AU,2156927,1584324116,-29.47,149.85,2,41,77.0,12.75
389,Priiskovyy,RU,2017632,1584324116,51.93,116.63,100,90,30.52,9.86
390,Boyolangu,ID,1648082,1584324116,-8.12,111.89,0,65,85.69,6.8
391,Golden,US,5423294,1584324116,39.76,-105.22,75,54,52.0,8.05
392,Sabana de Torres,CO,3670520,1584323867,7.39,-73.5,40,100,69.8,4.7
393,Albanel,CA,5883074,1584324030,48.88,-72.45,20,55,10.99,8.05
394,Flin Flon,CA,5954718,1584323978,54.77,-101.86,100,92,15.64,10.51
395,Baturaja,ID,1649593,1584324117,-4.13,104.17,92,78,81.75,2.66
396,Zyryanka,RU,2119283,1584324117,65.75,150.85,5,76,1.09,8.03
397,Klaksvík,FO,2618795,1584323916,62.23,-6.59,100,71,32.0,14.99
398,Usinsk,RU,863061,1584324117,65.99,57.53,100,92,12.22,22.26
399,Severo-Yeniseyskiy,RU,1492566,1584324117,60.37,93.04,100,90,30.33,8.57
400,Washington,US,5815135,1584323859,47.5,-120.5,10,40,39.2,5.82
401,Vila Velha,BR,3445026,1584324118,-20.33,-40.29,20,88,77.0,3.36
402,Goderich,CA,5962442,1584324118,43.75,-81.72,13,63,30.0,9.64
403,Longonjo,AO,3347853,1584324118,-12.91,15.25,100,97,62.71,2.24
404,Santander,ES,3109718,1584324118,43.46,-3.8,75,93,46.0,8.05
405,Lanivtsi,UA,703397,1584324118,49.86,26.09,0,49,29.77,7.27
406,Distrikt Brokopondo,SR,3384481,1584324119,4.75,-55.17,1,78,75.2,5.73
407,Nanortalik,GL,3421765,1584324119,60.14,-45.24,19,65,18.41,24.92
408,Khudumelapye,BW,933633,1584324119,-23.88,24.75,0,32,69.76,7.23
409,Māngrol,IN,1263752,1584324119,21.12,70.12,100,41,77.02,20.4
410,Srednekolymsk,RU,2121025,1584324119,67.45,153.68,10,86,-2.97,4.03
411,Buraidah,SA,107304,1584324119,26.33,43.98,0,77,59.0,6.93
412,Illapel,CL,3887344,1584324119,-31.63,-71.17,0,74,53.08,0.67
413,Srīvardhan,IN,1255619,1584324120,18.03,73.02,0,39,81.52,4.63
414,Chiredzi,ZW,893485,1584324120,-21.05,31.67,74,86,71.46,8.57
415,Orlik,RU,1496073,1584324120,52.52,99.83,93,81,22.1,4.85
416,Mirny,RU,2019951,1584323964,62.54,113.96,90,86,30.2,11.18
417,Tojšići,BA,3189046,1584324120,44.5,18.79,0,86,28.4,2.24
418,Opuwo,NA,3354077,1584324120,-18.06,13.84,100,43,67.68,4.83
419,Kieta,PG,2094027,1584323937,-6.22,155.63,100,72,83.5,6.33
420,Lüderitz,NA,3355672,1584324120,-26.65,15.16,0,82,62.6,14.99
421,Mattru,SL,2409215,1584323934,7.62,-11.83,100,90,78.89,2.04
422,Broome,US,5110365,1584324121,42.25,-75.83,1,45,28.99,6.93
423,Sheridan,US,5838199,1584324121,44.83,-106.92,90,85,21.0,6.93
424,Thap Khlo,TH,1605538,1584324121,16.16,100.6,78,59,89.01,3.96
425,Pachino,IT,6539213,1584324121,36.72,15.09,18,71,59.0,5.82
426,Inongo,CD,2315417,1584324121,-1.95,18.27,80,95,72.01,1.41
427,Davila,PH,1715335,1584324122,18.47,120.58,20,58,84.2,6.93
428,Cockburn Town,TC,3576994,1584323974,21.46,-71.14,0,69,74.26,15.75
429,Bontang,ID,1648186,1584324122,0.13,117.5,13,74,82.8,14.83
430,Nyurba,RU,2018735,1584324122,63.28,118.33,100,99,31.62,8.05
431,Jega,NG,2336237,1584324122,12.22,4.38,99,9,75.25,9.04
432,La Ronge,CA,6050066,1584323971,55.1,-105.28,20,56,15.8,9.17
433,Anadyr,RU,2127202,1584324123,64.75,177.48,100,79,23.0,4.47
434,Outram,MY,1880252,1584324123,1.28,103.84,40,74,86.0,11.41
435,Coleraine,GB,2652586,1584324123,55.13,-6.67,0,100,33.8,4.7
436,Alice Town,BS,3572924,1584324123,25.72,-79.3,0,75,74.57,14.29
437,Norman Wells,CA,6089245,1584323987,65.28,-126.83,20,72,15.8,19.46
438,Kaniama,CD,214389,1584324123,-7.57,24.18,100,95,66.45,2.35
439,Kilosa,TZ,157403,1584324124,-6.83,36.98,100,96,70.18,1.03
440,Russell,US,4047434,1584324002,32.35,-85.2,90,73,71.6,5.08
441,Mataram,ID,1635882,1584323915,-8.58,116.12,40,79,86.0,2.24
442,Batu Berendam,MY,1780890,1584324124,2.25,102.25,20,78,82.4,8.05
443,Batticaloa,LK,1250161,1584324124,7.71,81.69,58,80,80.74,4.59
444,Mocuba,MZ,1024312,1584324124,-16.84,36.99,31,98,70.02,3.0
445,Faanui,PF,4034551,1584324010,-16.48,-151.75,8,71,83.32,10.18
446,Sur,OM,286245,1584324125,22.57,59.53,12,70,67.82,9.22
447,Novi Kneževac,RS,787600,1584324125,46.05,20.1,0,66,36.54,12.55
448,Beisfjord,NO,3144987,1584324125,68.38,17.6,100,86,26.6,23.04
449,Yerbogachën,RU,2012956,1584324125,61.28,108.01,100,93,31.19,14.45
450,Kristiansund,NO,6453331,1584324125,63.11,7.73,98,55,37.4,23.04
451,Ayan,RU,2027316,1584324125,56.45,138.17,0,76,8.1,4.68
452,Barra Patuca,HN,3614835,1584324126,15.8,-84.28,0,80,79.66,14.25
453,Sharkan,RU,495688,1584324126,57.3,53.87,69,80,28.99,5.01
454,Poya,NC,2138522,1584324126,-21.35,165.15,8,71,81.39,9.69
455,Arcata,US,5558953,1584324126,40.87,-124.08,1,65,46.0,12.75
456,Kontagora,NG,2334008,1584324126,10.4,5.47,87,11,70.84,5.5
457,Pacific Grove,US,5380437,1584324126,36.62,-121.92,90,93,54.0,6.93
458,Petatlán,MX,3992842,1584324126,17.52,-101.27,40,70,84.2,6.93
459,Camacha,PT,2270385,1584324096,33.08,-16.33,40,77,62.6,13.87
460,Kuala Selangor,MY,1732891,1584324127,3.35,101.25,20,66,86.0,5.82
461,Tamiahua,MX,3516376,1584324127,21.27,-97.45,0,89,73.9,8.08
462,Lagoa,PT,3372964,1584324127,39.05,-27.98,0,75,60.76,14.0
463,Kaka,TM,161901,1584324127,37.35,59.61,98,57,61.29,0.92
464,Grindavik,IS,3416888,1584324127,63.84,-22.43,90,93,35.6,34.45
465,Price,US,5545269,1584324127,39.6,-110.81,40,43,51.8,6.93
466,Tual,ID,1623197,1584324127,-5.67,132.75,3,78,81.9,9.51
467,Fort Morgan,US,5577158,1584324128,40.25,-103.8,1,80,41.0,4.7
468,Sibu,MY,1735902,1584324128,2.3,111.82,75,88,80.6,4.7
469,Meulaboh,ID,1214488,1584324017,4.14,96.13,100,75,83.21,5.86
470,Labuhan,ID,8079926,1584323990,-6.88,112.21,0,70,85.28,5.99
471,Umluj,SA,100926,1584323973,25.02,37.27,0,37,68.52,9.75
472,Corsicana,US,4683462,1584324128,32.1,-96.47,90,100,57.99,9.17
473,Henderson,US,5505411,1584324128,36.04,-114.98,75,39,66.2,20.8
474,Nicoya,CR,3622716,1584324129,10.15,-85.45,53,54,84.2,23.04
475,Erenhot,CN,2037485,1584324129,43.65,111.98,28,37,42.57,20.67
476,Basco,PH,1726449,1584324129,20.45,121.97,7,71,70.25,24.58
477,Manokwari,ID,1636308,1584324129,-0.87,134.08,84,70,79.81,5.59
478,Tabas,IR,113659,1584323878,33.6,56.92,97,71,58.3,2.91
479,Fort Nelson,CA,5955902,1584324129,58.81,-122.7,20,34,35.6,2.24
480,Avera,US,4231997,1584324129,33.19,-82.53,1,93,64.4,3.36
481,Pāsighāt,IN,1260206,1584324129,28.07,95.33,100,66,71.96,0.78
482,Kasongo-Lunda,CD,2315026,1584324130,-6.47,16.82,100,97,68.43,1.23
483,Kara,TG,2366152,1584324130,9.55,1.19,36,32,75.83,2.93
484,Alakurtti,RU,583472,1584324130,66.97,30.35,100,95,30.99,3.0
485,Iskitim,RU,1505429,1584324130,54.64,83.3,100,74,37.4,17.9
486,Tondano,ID,1623424,1584324130,1.3,124.91,40,62,86.0,6.93
487,Vostok,RU,2013279,1584324130,46.49,135.88,28,76,19.0,11.72
488,Magadan,RU,2123628,1584324130,59.57,150.8,100,61,15.48,7.96
489,Arlit,NE,2447513,1584324131,18.74,7.39,100,12,71.87,8.5
490,Aksu,CN,1529660,1584323985,41.12,80.26,0,21,48.02,6.04
491,Hambantota,LK,1244926,1584324131,6.12,81.12,40,100,75.2,3.36
492,Ancud,CL,3899695,1584324131,-41.87,-73.82,1,81,53.6,4.7
493,Moussoro,TD,2427336,1584324007,13.64,16.49,65,14,67.75,9.33
494,Tūkrah,LY,88834,1584324131,32.53,20.58,0,68,57.51,6.62
495,Arrondissement de Montauban,FR,2993000,1584324132,44.08,1.5,90,81,55.99,18.34
496,Konstantinovka,RU,2021799,1584324132,49.62,127.98,0,81,22.87,8.75
497,Nambour,AU,2155862,1584324132,-26.63,152.95,57,61,77.0,5.99
498,Raufoss,NO,3142228,1584324132,60.73,10.62,40,79,34.0,1.12
499,Santa Helena de Goiás,BR,3450206,1584324030,-17.81,-50.6,0,85,71.53,2.55
500,Westport,US,4845585,1584324011,41.14,-73.36,1,28,46.4,6.93
501,Atar,MR,2381334,1584323936,20.52,-13.05,0,26,63.57,7.65
502,Itarema,BR,3393692,1584324015,-2.92,-39.92,100,97,75.02,4.07
503,Makkah al Mukarramah,SA,104515,1584323859,21.43,39.83,0,52,64.63,1.63
504,Guhāgar,IN,1270779,1584324133,17.48,73.19,2,56,80.6,6.62
505,Natal,BR,3394023,1584324133,-5.79,-35.21,75,94,77.0,1.12
506,Khunti,IN,1266622,1584324133,23.08,85.28,75,93,64.4,4.7
507,Oodweyne,SO,53372,1584324133,9.41,45.06,4,91,64.11,6.38
508,Adrar,MR,2381972,1584324133,20.5,-10.07,0,20,67.33,12.62
509,Thabazimbi,ZA,949683,1584324134,-24.59,27.41,0,74,59.0,3.98
510,Bay Roberts,CA,5895424,1584324134,47.6,-53.26,20,73,25.0,11.41
511,Gazojak,TM,1514792,1584324134,41.19,61.4,100,46,59.09,9.31
512,Tabou,CI,2281120,1584323954,4.42,-7.35,100,95,74.95,1.74
513,Winnemucca,US,5710360,1584324117,40.97,-117.74,90,57,48.2,10.29
514,Tigil',RU,2120612,1584324134,57.8,158.67,44,75,33.84,19.48
515,La Baule-Escoublac,FR,3019766,1584324134,47.29,-2.36,90,93,48.2,12.75
516,Kutum,SD,371745,1584324135,14.2,24.67,20,28,57.13,4.99
517,Kayalpattinam,IN,1267361,1584324135,8.57,78.12,20,78,82.4,4.7
518,Ozernovskiy,RU,2122293,1584324135,51.5,156.52,100,97,28.51,32.5
519,Mayor Pablo Lagerenza,PY,3867427,1584324135,-19.93,-60.77,78,42,85.08,3.33
520,Kalianget,ID,1641977,1584324136,-7.05,113.93,0,71,84.65,7.52
521,Kirkwood,US,4393739,1584324136,38.58,-90.41,90,75,42.01,4.65
522,Teocaltiche,MX,3982034,1584324136,21.43,-102.58,75,27,73.4,6.93
523,Port Moresby,PG,2088122,1584323967,-9.44,147.18,40,66,87.8,11.41
524,City of San Pedro,PH,1688781,1584323843,14.35,121.02,75,66,84.99,5.82
525,Wuwei,CN,1803936,1584324136,37.93,102.64,97,31,44.31,6.8
526,Labytnangi,RU,1500933,1584324137,66.66,66.42,95,93,-6.45,7.49
527,Ulundi,ZA,946257,1584324137,-28.34,31.42,80,93,64.65,7.9
528,Port Hardy,CA,6111862,1584323997,50.7,-127.42,5,48,42.8,9.17
529,Ola,RU,2122574,1584324137,59.58,151.28,100,61,16.47,7.38
530,Arona,ES,2521582,1584324137,28.1,-16.68,75,63,63.0,8.05
531,Huarmey,PE,3939168,1584324137,-10.07,-78.15,100,69,73.71,2.3
532,San Miguel de Tucumán,AR,3836873,1584323884,-26.82,-65.22,90,100,64.4,3.36
533,Dudinka,RU,1507116,1584323955,69.41,86.18,75,83,-13.0,11.18
534,Nhulunbuy,AU,2064735,1584324138,-12.23,136.77,40,49,89.6,10.29
535,Salinas,US,5391295,1584324138,36.68,-121.66,90,93,54.0,6.93
536,Oyama,JP,1853483,1584324138,36.3,139.8,40,57,55.0,1.12
537,Maragogi,BR,3395458,1584323962,-9.01,-35.22,46,74,82.15,5.64
538,Gīdolē,ET,336526,1584324138,5.65,37.37,86,76,67.86,1.66
539,Bambuí,BR,3471005,1584323998,-20.01,-45.98,2,93,67.06,2.57
540,Kholodnyy,RU,2124611,1584324139,62.72,147.95,97,91,-3.96,8.63
541,La Palma,US,5364022,1584324139,33.85,-118.05,90,54,62.6,9.17
542,Ostrovnoy,RU,556268,1584324139,68.05,39.51,100,95,24.62,7.56
543,Kununurra,AU,2068110,1584324139,-15.77,128.73,41,32,93.2,8.05
544,Kilemary,RU,548715,1584324139,56.78,46.87,1,84,22.86,11.88
545,Walvis Bay,NA,3359638,1584324139,-22.96,14.51,0,93,61.0,4.7
546,Maniitsoq,GL,3421982,1584324080,65.42,-52.9,38,72,-1.52,5.91
547,Vetapālem,IN,1253220,1584324140,15.78,80.32,0,64,82.92,7.25
548,Solenzo,BF,2355404,1584324140,12.18,-4.08,100,42,85.95,2.77
549,Ponta Delgada,PT,3372783,1584324011,37.73,-25.67,20,76,51.8,2.24
550,Agnibilékrou,CI,2293260,1584324140,7.13,-3.2,53,93,74.35,2.77
551,Nieuw Amsterdam,SR,3383434,1584324140,5.88,-55.08,100,83,79.0,4.7
552,Solhan,TR,300377,1584324140,38.96,41.03,100,97,34.36,3.51
553,Pangai,TO,4032369,1584324028,-19.8,-174.35,90,83,84.2,5.82
554,Buala,SB,2109528,1584324140,-8.14,159.59,100,75,83.62,9.55
555,Kidal,ML,2455290,1584324141,18.44,1.41,88,13,73.31,10.89
556,Mariehamn,AX,3041732,1584324141,60.1,19.93,90,87,42.8,11.41
557,Barra do Garças,BR,3470709,1584324141,-15.89,-52.26,0,85,71.47,1.43
558,Gwadar,PK,1177446,1584323998,25.12,62.33,0,60,72.36,4.54
559,Erdenet,MN,2031405,1584324141,49.03,104.08,100,76,31.03,5.48
560,Daru,PG,2098329,1584324141,-9.08,143.21,76,60,87.66,5.66
561,Nouadhibou,MR,2377457,1584324142,20.93,-17.03,0,72,62.6,19.46
562,Raton,US,5486795,1584324142,36.9,-104.44,75,81,53.6,13.87
